org:role,n_events,median_wait_h,mean_wait_h,median_wait_d
EMPLOYEE,26371,110.0425,342.7471953935089,4.6
MISSING,186,97.06263888888888,513.0082810633214,4.0
UNDEFINED,17388,72.47972222222222,242.46632914142575,3.0
DIRECTOR,941,24.884166666666665,75.1453521667257,1.0
SUPERVISOR,14896,22.81388888888889,54.04442864974938,1.0
BUDGET OWNER,4469,22.142222222222223,54.75273035230352,0.9
ADMINISTRATION,13837,0.0038888888888888888,23.247228585997288,0.0
PRE_APPROVER,1428,0.0038888888888888888,18.03288729380641,0.0
