elapsed_solo_auc,full_auc_cv,no_elapsed_auc_cv,no_reminders_auc_cv,no_both_auc_cv,pct_reminder_in_k8,brier_raw,brier_platt,brier_skill,auc_raw_holdout,auc_platt_holdout
0.8331770051523388,0.9670996344228524,0.8100389468132582,0.9671870844433628,0.805406800366028,0.8573497465604635,0.06623844802379608,0.06915643328686902,0.7019269838929176,0.9627830292867414,0.9627909178195194
