Model,n_features,AUC_mean,AUC_std
Full,24,0.9670996344228524,0.0043681687602685725
No elapsed_days,23,0.8100389468132582,0.009313897483417119
No reminders,22,0.9671870844433628,0.004291068487098369
No elapsed + no remind,21,0.805406800366028,0.007785977301071278
