prefix_k,n_features,test_auc,cv_auc
1,23,0.6511544304253948,0.6514749899571776
3,23,0.6892515360100251,0.6949169686155926
5,23,0.8306794055201698,0.8291267037368593
8,23,0.9706276116678161,0.9737243206126502
12,23,0.9945073273200175,0.9946261183348586
20,23,0.9997633440166606,0.999592168215289
all,19,0.9743555068720389,
