k,MAE,RMSE,R2,baseline_MAE
1,44.51184561347446,66.47371681183915,-0.026003799345123202,47.8411879441204
3,40.56690475863125,60.74792449127586,0.044080063879299414,46.04206477363972
5,28.908464785920977,48.709558742798535,0.14077649728542108,38.806761820796225
8,12.433183858914028,33.31224960895937,0.41506894786425985,26.58483738289233
12,6.295651725137282,25.72892928485805,0.31325229478428074,14.215811457706735
20,1.7089852101979341,14.664238481382023,0.3059909853887123,3.9930653756904815
