fold,n_train,n_test,MAE,RMSE,R2,baseline_MAE
Q1 2018,1467,1596,19.057468605824667,39.69996485089009,0.4062384955927576,29.46152245867535
Q2 2018,3063,1713,12.479992999276872,28.532502353142025,0.5167164793955598,26.813401510338643
Q3 2018,4776,1227,11.32814953562499,27.61957960607243,0.48322205800347806,24.6578814934445
Q4 2018,6003,1062,7.872100031740497,22.570108402568184,0.4705994052261361,24.019586677213624
