k,kfold_auc_mean,kfold_auc_std,temporal_auc_mean,bias
1,0.6556272285105098,0.010689922122722214,0.6294928028264166,0.026134425684093188
3,0.6963800650015101,0.013004497889606491,0.6687458790497104,0.027634185951799672
5,0.8298143715544016,0.006312231174673534,0.7822383199631757,0.04757605159122591
8,0.9747014753810161,0.002124442730395182,0.9666726116820047,0.008028863699011457
