n_train,auc
100,0.5412712799315197
200,0.5554548492380651
400,0.6399749149718251
700,0.6373771497365615
1000,0.678028170303538
1500,0.6956883963434453
2000,0.713064813670425
3000,0.7249184049950333
4000,0.7451741074902613
6003,0.7526423964441515
