rej_bucket,n,violations,vio_rate,type_a_rate,type_b_rate,median_events,median_duration,pct_cases
0 rejections,5153,1972,0.38268969532311276,0.09955365806326412,0.08053561032408306,10.0,70.23018518518519,0.7293701344656759
1 rejection,157,154,0.9808917197452229,0.08917197452229299,0.050955414012738856,11.0,87.44289351851852,0.022222222222222223
2 rejections,1320,739,0.5598484848484848,0.125,0.09318181818181819,14.0,70.23361689814814,0.18683651804670912
3+,435,309,0.7103448275862069,0.12413793103448276,0.08505747126436781,20.0,87.32385416666666,0.06157112526539278
