dept,n,vio,rate,ci
,7065,3174,0.44925690021231424,0.011599036062302077
