risk_band,n,violations,violation_rate,avg_duration,avg_budget,pct_of_all
Very low,1607,189,0.11761045426260112,99.80030653650694,,0.22745930644019816
Low,2240,451,0.20133928571428572,63.75870902571097,,0.3170559094125973
Medium,547,168,0.3071297989031079,81.98689160996005,,0.07742392073602265
High,1409,1104,0.7835344215755855,96.69889392430933,,0.1994338287331918
Very high,1262,1262,1.0,105.48139969258085,,0.1786270346779901
